text,class,sarcasm_type,hate_type
niggas want pussy i aint giving any out here is where lies our dilemma thats cool,1,None,Offensive
you forget the part where you actually make sense,2,Sarcasm,None
lebron james took 5000 kids to a theme park in the name of education,0,None,Non-hateful
how about trying this have your kids come home before 1am say about 10pm he is 16 take responsability for your kids,0,None,Non-hateful
being a guy means hating yourself and hating other men,2,Sarcasm,None
im 99 slay bitch im wearin bandos armor cause im so rich i got my slayer helm and my whip droppies,1,None,Abusive
those genres dont count because they have girl cooties,2,Humor,None
noll nigga im talm bout tt and juice me too ion hoe em,1,None,Offensive
and you removed it you numbskull i dont care what you say anymore this is my life go ahead with your own life leave me alone,1,None,Abusive
fuck off were full,2,Sarcasm,None
although reddit hates elite barbs they wanted this watch ojs elite barb video,2,Sarcasm,None
bruh pt 2 jaxon1114 killed this hoe too last night while we was sleep,1,None,Offensive
true oliver banged everyone in there family including quentin himself,2,Humor,None
why the fuck does zakusage think he owns this page i mean seriously anytime anyone edits it he reverts it wikipedia rules say you dont get to own pages zakusage this is your one warning next time you pull this page owning crap im filing for having you removed,1,None,Abusive
ah yes because as history has shown many times communist societies work so much better,2,Irony,None
i thought manu was going to score 11 for that dessert,0,None,Non-hateful
comic sans,2,Sarcasm,None
rt run up on a nigga get to squeezing hoe hahaa,1,None,Offensive
had to block that bitch soooo annoying,1,None,Abusive
um its a cooking show they should have seen the best of you the very first damn dish you ever cooked for them,0,None,Non-hateful
why do some scandalous niggas and hoes hate on a happy relationship just let them be happy together fuck,1,None,Offensive
rt rip blood money shoryy was a rider blew dat 50 at shy glizzy bitch ass in his own city yea yea,1,None,Offensive
wait til someone stronger fights for you,2,Sarcasm,None
barron trump sprints off convention stage in tears after missing note during clarinet solo performance,2,Irony,None
but buh buh buuuuhif he paid 145 an hour his boss would double his wages,2,Humor,None
rt chris brown is trash,0,None,Abusive
on yemens last jews,0,None,Hate
what it takes to land a book deal,0,None,Non-hateful
all of mans timewasting websites exhausted before lunch,2,Sarcasm,None
you are an awesome wikipedian some shit some droppings of filthy muck mess to feel you better dont bother myself summon,1,None,Abusive
shut the fuck up faggot ass knicks cock sucker your opinion is irrelevant fag,1,None,Offensive
john avildsen oscarwinning director of rocky dead at 81,0,None,Non-hateful
i aint fenna be locked up 23 hours a day beating my dick for a guilty mf who out here fucking free world pussy,1,None,Offensive
man aunt petunia is a royal bitch,1,None,Abusive
rt all a nigga need is money fuck a bitch,1,None,Offensive
you dont have ridiculously exaggerated twag you cant be from texas,2,Humor,None
dont think i m watching a 4th round of bad chefs was looking forward to next challenge,0,None,Non-hateful
send in the clowns to the zaatari refugee camp,0,None,Offensive
you have one ugly dirty head,1,None,Abusive
my fucking god bruh the birds from southridge are in front of my house,1,None,Offensive
 Oh wow  brilliant idea… because that totally worked out so well last time,2,Sarcasm,None
rt real nigga rules if u drop the blunt u gotta pass that bitch u dont even get to hit it,1,None,Abusive
opening band upstaged by preshow music,2,Sarcasm,None
i got a bitch named banana pussy bananas swear i gotta say it again pussy bananas my lil cool azz bitch she from da westside,1,None,Abusive
janet jackson reportedly splits from wissam al mana,0,None,Non-hateful
lookin at my bitch i bet she give yo ass a bone,1,None,Abusive
l i think i ruptured my spleen laughing luckily i have a font of male tears to grow a new one,0,None,Non-hateful
i guess all guitar licks arent impressive because we all had friends that could play 3 chords in 44,2,Humor,None
keep talking like that and your mommys going to cut off xbox privileges again,0,None,Non-hateful
why didnt jesus take the wheel,2,Sarcasm,None
rt i need a real bitch,1,None,Abusive
i m not sexist but straight up the world is not ready for one of the most powerful and influential countries to have a wom,1,None,Offensive
i love censorship,2,Sarcasm,None
lol that is a funny fairy tale the murdering jihadis have been a cancer to all mankind we will terminate them,0,None,Hate
damn i had to watch this shit again3 weeks later,0,None,Abusive
the fact that its canon doesnt make it better dc should stay the fuck away from that,0,None,Abusive
i ve missed you robert and lynzey,0,None,Non-hateful
i told this niggah maya angelo died this niggah gon ask me is that the red ninja turtle wtf,1,None,Offensive
thanksgiving early hoe,1,None,Offensive
do you make enough to be their friend,2,Sarcasm,None
solidarity prayers and support for torched st louis churches,0,None,Non-hateful
its america right,2,Irony,None
secondperson narrative enthralling you,2,Humor,None
ugly emo trash go cut,1,None,Abusive
inb4 offside,2,Humor,None
lol it aint nun wrong wit tryn to be 1 of da realist niccas n da city tho,1,None,Offensive
its got nothing to do with race its got everything to do with the fact that murali is a chucker,1,None,Abusive
fat man confirmed for y2,2,Humor,None
why we should tip service workers generously,0,None,Non-hateful
tgi fridays unveils new jeff daniels barbecue sauce,2,Humor,None
pssst this isnt ethical journalism it never happened ed isnt a reliable source lt 3,0,None,Non-hateful
why fathers day is so difficult for me,0,None,Non-hateful
hahaha dumb bitch,1,None,Abusive
what everyday iranians have to say about the nuclear deal now that its a reality,0,None,Non-hateful
i pull nothing from you hanni but keep parroting me in lieu of thinking for yourself it will at least make you sound a little smarter than you really are,1,None,Offensive
but he saw a ufo ergo he cant be trusted,2,Sarcasm,None
hes pretty chill super sick though multiple sclerosis which is why hes always stoned,0,None,Non-hateful
yellow cross receives record 10000 liters of urine donations,2,Humor,None
your bitch choosing just letr,1,None,Abusive
shit are you a clever one i had absolutely nooo idea,2,Sarcasm,None
teacher protests in detroit cause schools to close,0,None,Non-hateful
dick game make a faithful bitch start cheat in,1,None,Offensive
what i took from all of this is that doesnt bother researching anyone just assumes if they disagree whim they are misinformed,0,None,Non-hateful
because the 4th amendment doesnt count if were scared of the evil terrorists,2,Sarcasm,None
id rather be your niggah,1,None,Abusive
im a tough manly man but im terrified of period blood body hair on women gay men being percieved as feminine amp women havi,1,None,Non-hateful
rt i have no hoes man i dont need those though i need to pick mines back up,1,None,Offensive
rt wtf is lolzzz did you laugh yourself to sleep bitch,1,None,Abusive
if i let a girl drive my car it means something,1,None,Non-hateful
this bitch sees that as not an attack because muslims are only 1 no idea where he maths,1,None,Abusive
suitcivil133 is a little bitch he is a bandwagon barcelona fan who needs to be put in his place fuck that fagget,1,None,Abusive
daanschr that is the most idiotic argument for the use of british spellings on a page that ive ever heard this even is quite minor in british history it isnt even mentioned on the british history pages however it is considered to be one of the most important events in american history more important than the civil war or world war two even,1,None,Offensive
yeah but csgo is dying now check reddit,2,Sarcasm,None
in fact mohammed and his thugs were starving before they captured khybar stole the jews property and made them pay to live,1,None,Hate
simple massmurder isnt shocking enough you have to ramp it up to genocide or youre just not making an effort,2,Sarcasm,None
billy eichner comedy special heading to netflix,0,None,Non-hateful
whereas we women but sully the atmosphere with unfounded opinions,0,None,Non-hateful
no one in womens shelter able to cook decent meal,2,Sarcasm,None
good morning here is the history of islamic slavery,1,None,Hate
yea but all atheists are dead inside,2,Sarcasm,None
1 loyal girl 1oo hoes,1,None,Offensive
keep repeating and believing your brain dead fairy tales and follow your prophets medical advice,1,None,Hate
thats a management issue not rank and file employee issuexa0quitxa0crying like a cry baby just because people votexa0for other politicalxa0parties than republican,0,Sarcasm,None
mass shootings are statistically insignificant,2,None,Offensive
im leavin wikipedia it got too stupid and i hate such stupidity chrisgriswold blocked me hours after i made a personal attack and from there all hell went loose ive recently joined a smash bros forum in case anyone is curious as to where i am on the net and shall be retiring too salutations,1,None,Offensive
totally a great recommendation for a first time trip,2,Sarcasm,None
this thing is still bs at its br but hey its the dev server and things will change,2,Sarcasm,None
niggahs watch who you fucking just to hate on your bitches,1,None,Abusive
then youre probably doing it wrong by casting a 4 drop in legacy for full price,2,Sarcasm,None
but the eye cant see 1080p and 60fps causes nausea way to ruin the game,2,Sarcasm,None
naw women like being called hot bitches by assholes,2,Sarcasm,None
yes islam respects women,0,None,Non-hateful
this place man this place,0,None,Non-hateful
yeah i made a bunch of changes with the old ver nice to see some of them arent needed anymore,0,None,Non-hateful
i love that they stuck women having affairs in the cm like that negates the misogyny of the hashtag sick of false equivalences,0,Sarcasm,None
how to be completely useless and be a butthead all in one tweet,0,None,Non-hateful
fuck u communist bastards if u lik the sunflkower on this page go blow urself it has all the sections clearly labeled and it is easy to read one small thing would maybe be to have less sections although i do think that for showing so many different aspects of the sunflower you do a good job of keeping it focused overall well done probably one of the best i have read i would say try to simplify it a little bit and are all the pictures relevant to the article adrian arias new image thumb sunflower id like to propose this image for the sunflower article wow thats nice go ahead and add it to the gallery if thats where youd like it bold text unneccessary reference is samurai champloo important enough to be included in this article it doesnt seem to add much to the article whys every article i look at have some reference to anime why does every other article i read have reference to some american sitcom or other liveaction medium its a part of popular culture thats why the sunflower samurai as well as sunflowers themselves are a huge central plot point that dominates almost every single episode so post it in the samurai champloo article anime is not central nor even moderately relevant to actual sunflowers if it is at the end labeled and sufficiently known information why not have it why do sunflowers want to follow the sun what do they get out of it is this known guessed by relevant public work i myself would even take a clue here thats i really wanna get info on this bye and thanks heliotropic flowers are more prevalent among plants in alpine areas the absorbed light makes the flowers warmer which attracts more pollinating insects may be the sunflowers heliotropism is a rudimentary feature from an alpine past pizarro it says that he cultivated them around 1000 bc but this is impossible because pizarro didnt even go to the americas until the 16th century ad although the text did not say pizarro cultivated sunflowers the sentence has been rephrased,1,None,Abusive
but he lied to achieve that peace and anything built on a lie will eventually fail,0,None,Non-hateful
no everyone has a diagnosable categorized reason for their oddities and anyone that isnt normal has something medically wrong with them,2,Sarcasm,None
oh jesus if lloyd amp drasko meet there will be some serious handjobs under the table,0,None,Offensive
how not to hide your pregnancy in an underwear ad a kylie jenner story,0,Sarcasm,None
how to choose a worthwhile organization,0,None,Non-hateful
hes hiding it for colo,2,Sarcasm,None
i think it was so that i could lose 6 games in a row,2,Sarcasm,None
wasnt that impressive the chogath was only level 1,2,Sarcasm,None
because public utilities are socialism,2,Sarcasm,None
aol instant messenger to sign off forever after 20 years,0,None,Non-hateful
why dont the koch brothers get off their fat ass wallets and actually run for office oh right they would lose in a crushing landslide,0,None,Non-hateful
stop you harassment im getting tired of your cyber stalking and your enablers who reward instead of punishing your antisocial sociopathic behavior,1,None,Hate
because when i think of the real new york i think of midtown manhattan,2,Sarcasm,None
lmao they got the titanfall jump in this bitch,1,None,Offensive
nondominant hand completely botches nail clipping job,2,None,Non-hateful
i love laying in bed by myself because i have a twin size bed and bitches be takin up 34 and i aint havin that,1,None,Abusive
i m sure your mommy still does your laundry but mine can defend against a childs foolish words,0,None,Non-hateful
remember videobeautiful mosul under isis 2 wks ago well heres under today real life w is,0,None,Non-hateful
very special constitutional amendment to take on alcoholism,2,Sarcasm,None
catching up on wow then gonna go poke at my xbox,0,None,Non-hateful
or like this,0,None,Non-hateful
Great job!,0,None,Non-hateful
clinton receives 400000 honorary degrees for college commencement speech,2,Sarcasm,None
not me either guns blazing or waiting quietly in my trojan horse,1,Humor,None
mike pence says disney made mulan to promote women in combat,0,Sarcasm,None
there was dancing in the street after 911 xa0xa0 and we the us continue to give these mother fuckers millionsxa0 of dollars and guns,0,None,Hate
brad pitts despondent weatherman is so so so so scared right now,0,Humor,None
kim davis supporters deputy clerks who issued gay marriage licenses should be fired,0,None,Hate
terrified laptop wakes up inside case,2,Humor,None
rt i got bitches geekin sneakin cocaina cross the customs,1,None,Offensive
paul ryan grudgingly impressed by angry protester whos matched his running pace for 9 miles,2,Humor,None
republicans fail on health care heres why the rest of trumps agenda wont be so easy either,0,None,Non-hateful
man briefly forgets hotel staff are not humans,2,Sarcasm,None
lol even their promoted tweet has a slur in it oh gamergate,0,None,Non-hateful
gosh you must be proud,2,Sarcasm,None
the extraordinary journey of indias first olympic gymnast,0,None,Non-hateful
85000 in fertility treatments result in miracle,2,Sarcasm,None
id tweet about it but i was worried you might get harassed i thought you were fantastic,0,None,Non-hateful
the russian terrorists want jews to register,0,None,Hate
die fag die fag die fag die fag die fag die fag die fag die fag die fag die fag die fag die fag die fag die fag die fag die fag die fag die fag die fag die fag die fag die fag die fag die fag die fag die fag die fag die fag die fag die fag die fag die fag die fag die fag die fag die fag die fag die fag die fag die fag die fag die fag die fag die fag die fag die fag die fag die fag die fag die fag die fag die fag die fag die fag die fag die fag die fag die fag die fag die fag die fag die fag die fag die fag die fag die fag die fag die fag die fag die fag die fag die fag die fag die fag die fag die fag die fag die fag die fag die fag die fag die fag die fag die fag die fag die fag die fag die fag die fag die fag die fag die fag die fag die fag die fag die fag die fag die fag die fag die fag die fag die fag die fag die fag die fag die fag die fag die fag die fag die fag die fag die fag die fag die fag die fag die fag die fag die fag die fag die fag die fag die fag die fag die fag die fag die fag die fag die fag die fag die fag die fag die fag die fag die fag die fag die fag die fag die fag die fag die fag die fag die fag die fag die fag die fag die fag die fag die fag die fag die fag die fag die fag die fag die fag die fag die fag die fag die fag die fag die fag die fag die fag die fag die fag die fag die fag die fag die fag die fag die fag die fag die fag die fag die fag die fag die fag die fag die fag die fag die fag die fag die fag die fag die fag die fag die fag die fag die fag die fag die fag die fag die fag die fag die fag die fag die fag die fag die fag die fag die fag die fag die fag die fag die fag die fag die fag die fag die fag die fag die fag die fag die fag die fag die fag die fag die fag die fag die fag die fag die fag die fag die fag die fag die fag die fag die fag die fag die fag die fag die fag die fag die fag die fag die fag die fag die fag die fag die fag die fag die fag die fag die fag die fag die fag die fag die fag die fag die fag die fag die fag die fag die fag die fag die fag die fag die fag die fag die fag die fag die fag die fag die fag die fag die fag die fag die fag die fag die fag die fag die fag die fag die fag die fag die fag die fag die fag die fag die fag die fag die fag die fag die fag die fag die fag die fag die fag die fag die fag die fag die fag die fag die fag die fag die fag die fag die fag die fag die fag die fag die fag die fag die fag die fag die fag die fag die fag die fag die fag die fag die fag die fag die fag die fag die fag die fag die fag die fag die fag die fag die fag die fag die fag die fag die fag die fag die fag die fag die fag die fag die fag die fag die fag die fag die fag die fag die fag die fag die fag die fag die fag die fag die fag die fag die fag die fag die fag die fag die fag die fag die fag die fag die fag die fag die fag die fag die fag die fag die fag die fag die fag die fag die fag die fag die fag die fag die fag die fag die fag die fag die fag die fag die fag die fag die fag die fag die fag die fag die fag die fag die fag die fag die fag die fag die fag die fag die fag die fag die fag die fag die fag die fag die fag die fag die fag die fag die fag die fag die fag die fag die fag die fag die fag die fag die fag die fag die fag die fag die fag die fag die fag die fag die fag die fag die fag die fag die fag die fag die fag die fag die fag die fag die fag die fag die fag die fag die fag die fag die fag die fag die fag die fag die fag die fag die fag die fag die fag die fag die fag die fag die fag die fag die fag die fag die fag die fag die fag die fag die fag die fag die fag die fag die fag die fag die fag die fag die fag die fag die fag die fag die fag die fag die fag die fag die fag die fag die fag die fag die fag die fag die fag die fag die fag die fag die fag die fag die fag die fag die fag die fag die fag die fag die fag die fag die fag die fag die fag die fag die fag die fag die fag die fag die fag die fag die fag die fag die fag die fag die fag die fag die fag die fag die fag die fag die fag die fag die fag die fag die fag die fag die fag die fag die fag die fag die fag die fag die fag die fag die fag die fag die fag die fag die fag die fag die fag die fag die fag die fag die fag die fag die fag die fag die fag die fag die fag die fag die fag die fag die fag die fag die fag die fag die fag die fag die fag die fag die fag die fag die fag die fag die fag die fag die fag die fag die fag die fag die fag die fag die fag die fag die fag die fag die fag die fag die fag die fag die fag die fag die fag die fag die fag die fag die fag die fag die fag die fag die fag die fag die fag die fag die fag die fag die fag die fag die fag die fag die fag die fag die fag die fag die fag die fag die fag die fag die fag die fag die fag die fag die fag die fag die fag die fag die fag die fag die fag die fag die fag die fag die fag die fag die fag die fag die fag die fag die fag die fag die fag die fag die fag die fag die fag die fag die fag die fag die fag die fag,1,None,Hate
lmaoooo im calling her a hoe and im mad shutcho uglass up,1,None,Abusive
rt bitch nigga,1,None,Abusive
ill give you 500 to let me cum on your face,1,None,Offensive
be careful what we say here or she might sue us too,2,Sarcasm,None
life comes at you fast rt guys today i found out that im a side hoe,1,None,Offensive
im on that good kush and alcohol i got some down bitches but the can crawl,1,None,Abusive
what a jerk,2,None,Abusive
This is such an inspiring perspective! Thank you for sharing your thoughts so clearly.,0,None,Non-hateful
there was that space wars thing that came out last year,2,Sarcasm,None
rt man just proofread edited this niggah sentencefeel like im back in 6th grade doing daily oral la,1,None,Offensive
the one thing that really was better when we were kids,0,None,Non-hateful
way to fucking hijack our hashtag for some light misogyny,0,None,Non-hateful
nba stars and coaches share heartfelt stories about flip saunders,0,None,Non-hateful
if youll forgive my pedantry npa means no personal attacks which means i cant say tom is stupid when somebody says thank you for an edit then reports me for making it that is stupid no matter what rules are in place i didnt attack the user i attacked an action something clearly allowed under site rules tce,1,None,Non-hateful
larry nassar who among us hasnt made a mistake repeatedly and with wild shameless abandon,2,Sarcasm,None
overpopulation of the earth will it create valuable new markets,2,Sarcasm,None
its not love its a political statement,2,Sarcasm,None
eggs good for you this week,2,Sarcasm,None
groundbreaking study finds gratification can be deliberately postponed,2,Sarcasm,None
personnel director really enjoyed meeting you,2,Sarcasm,None
i remember when milz drunk ass fell asleep while we where all playing gears smh what a fag,1,None,Hate
cartoon character translated seamlessly into noodle,2,Sarcasm,None
haha im not sexistbut i honestly think only men should be reporting on football on sportscenterjust saying haha,1,None,Hate
if your doctor wont give you an iud because you havent had kids you need a new doctor,0,None,Non-hateful
new york bans fracking after health report calls it unsafe,0,None,Non-hateful
yeah that is what we turks have been saying for decades as well,2,Irony,None
he only meant knowledge of his fraudulent religion mohammed was an illiterate who didnt know squat,1,None,Hate
a sadder pride because of washington inaction,0,None,Non-hateful
if cops did this people would be pissed about the waste of taxpayer dollars,2,Irony,None
cnn panel gets in tense battle over caitlyn jenner,0,None,Non-hateful
let him fuck his side hoes in peace smh rt wish my boyfriend would respond to my texts,1,None,Abusive
gomtv clearly recognizing that 3 protoss are worth more than 3 zerg,2,Sarcasm,None
the post seems to be in 3rd person so,2,None,Non-hateful
nelly reiterates sexliking stance,2,Irony,None
duh obviously its america thats 2016 years old,2,Sarcasm,None
rt listen to charlie daniels speak the truth then enlist in the us freedom army at,0,None,Non-hateful
kate hudson and dakota johnson pose for adorable pic with their famous moms,0,None,Non-hateful
your man looks terrified in that picture do you beat him or just treat him like a regular bitch,1,None,Abusive
lady gaga belts out the national anthem at super bowl 50,0,None,Non-hateful
hackers breached us election agency after vote according to security firm,0,None,Non-hateful
rick santorum suggests planned parenthood is just as racist as the confederate flag,0,None,Non-hateful
are these two serious,0,None,Non-hateful
emd hoe,1,None,Abusive
creepy oneword text message from mom could mean anything,2,Irony,None
i think the hashtag got some traction,0,None,Non-hateful
pathetic channel 7,0,None,Non-hateful
because an off court issue defines a player,2,Sarcasm,None
nice i love how you sick your pet admins on people you can delete users comments and leave behind nasty comments in the history but when someone does it to you you cry like a little baby you do not have a heart or soul you are a shallow little cowardly man it is a small wonder why you are so disliked on wikipedia,1,None,Abusive
A fire station burning down,2,Irony,None
unclear tos prevents bots from being able to contact you without you contacting them first iirc,0,None,Non-hateful
notyourshield,0,None,Non-hateful
i talked to some birds i fell in love again,0,None,Non-hateful
man in international airport only speaks business,2,Sarcasm,None
new study finds only 88 of guitar center customers become famous musicians,2,Sarcasm,None
and,0,None,Non-hateful
yeeee cause if he was he would be op,2,Sarcasm,None
xc2xa0we have more where he came from dont rest we are watching your fat azz,1,None,Abusive
randies are fags,1,None,Offensive
annies back,0,None,Non-hateful
hope hicks praying she not still in same shitty job by time she hits 30,2,Sarcasm,None
fuck you bitch kiss my ass you dickless troll i hope you never return from your gay ass vacation fuck you,1,None,Offensive
back me and used to have to stiffarm bitches that kept tryna steal our fitteds,1,None,Abusive
mike huckabees benghazi tattoo joke goes hilariously wrong,0,None,Non-hateful
or musical chairs,2,Metaphore,None
mosul could be a make or break battle for iraq,0,None,Non-hateful
faggot,1,None,Offensive
new bar to feature sports theme,2,None,Non-hateful
oh yea we are really destroying this company,2,Sarcasm,None
i aint shit damn skippy lol,1,None,Abusive
perfect birthday card discovered in local mall,2,None,Non-hateful
not even a teamkill you call that a potg,2,Sarcasm,None
white trash bash,1,None,Offensive
such a big deal,2,Sarcasm,None
is that what you say when one of your own family members dies,0,None,Non-hateful
is on bravoquality trash,0,None,Non-hateful
michelle obamas daily habit is all about happiness,0,None,Non-hateful
maybe pretending your cousin is your gf might help,2,Sarcasm,None
watching gotta love my cooking shows,0,None,Non-hateful
try your hand at making sarah palins donald trump endorsement even wilder,0,None,Non-hateful
the gops stockholm syndrome,0,None,Non-hateful
3 simple steps to teaching your child the art of persistence,0,None,Non-hateful
all that hatred inside of you must have eaten away what little capacity for clear thought you may have had you lack the basic intelligence and knowledge to have real discussions or debates so you come here insulting people into having arguments your insults are childish youre proving all the negatives about your party every time you type how about posting your picture what are you ashamed of you wouldnt have the balls to push all teh stupid under your real name,0,None,Abusive
shut up stupid you said that none of them donnthen you said the ones who do do so to troll westernersnnnow youre changing your story again youre truly an imbecile,1,None,Abusive
an nfl guide to employee management,0,None,Non-hateful
poisoned daughter of russian spy released from hospital,0,None,Non-hateful
lay off the goats icewedge,1,None,Abusive
mad props to well done,0,None,Non-hateful
not tonight tv844chill with thatnthe brewer and dodger fans are just enjoying the gamenwherever they are hoping that their team winsnsimple aint it,0,None,Non-hateful
why not the man bkonrad is an asshole look at how rudely he treats other editors,1,None,Offensive
i have never felt more supported and safe than i do around the freebsd developer community they are amazing and i love them,0,None,Non-hateful
rt when you deep in the pussy,1,None,Offensive
also baiting you to abuse your authority is completely justifiable as nobody is forcing you to violate wiki policyi may extend the invitation but you alone are responsible for taking that step as you have done repeatedly you are mary a total disgrace to the wiki community you pick fights and then act like youre above it all when it looks like you cannot win more like a schoolayard bully than a teacher and as well all know the best way to deal with bullies is to make their lives hell until they stop,1,None,Abusive
nigga i wus graduating rt if you wasnt in the 6th grade in 1996 you a hoe,1,None,Abusive
all the bad bitches think they ugly and all the roach bitches think they bad,1,None,Abusive
i suppose someone could always give it to someone with a car as a cheap present,2,Humor,None
i suppose someone could always give it to someone with a car as a cheap present,1,Sarcasm,None
get the fuck out of my comment section you samurai jack lookin muthafucka,1,None,Offensive
oh fuck off you troll,0,None,Abusive
they mean nothing idiot stephan bandera was never a nazi even though he fought with them to rid ukraine of soviets,0,None,Non-hateful
rt i fucked yo bitch dont get mad its nothing new i fuck everybodys bitch,1,None,Offensive
and any fool can read about stephan bandera and find that he had no nazi ideaology,0,Sarcasm,Non-hateful
engineers voicemail warned state of bridge cracks 2 days before collapse,0,None,Non-hateful
suge knight,2,Sarcasm,None
its a microaggression,2,Sarcasm,None
yeah sorry monkey team just keeps kicking ppl waiting for muh pizza,0,None,Non-hateful
rt derek jeter and the present paul konerko with a retirement gift watch,0,None,Non-hateful
to dummy scummy adam caithnnstop twisting history you despicable fool you are soon choking with your own lies,1,None,Abusive
national geographic finally captures rare shot of antelopeater feeding,2,Sarcasm,None
fuckhead fuckstick wikipedia wanker up yours,1,None,Offensive
report women only made up 27 of video game bosses last year,2,Sarcasm,None
now will you stop bitching please and write that fucking article you said now will you stop bitching please and write that fing article i wrote the fing article and you fing deleted it for no fing reason why should i write the fing article again when i fing wrote it already,1,None,Offensive
i m not sexist but there is no chance in hell i m letting a girl beat me at anything sorry,1,None,Abusive
open is always better,2,Sarcasm,None
trumps epa pick went easy on industry that backed him report,0,None,Non-hateful
i thought it was freaking 80,2,Sarcasm,None
america ferrera posts tearful message on postelection grief,0,None,Non-hateful
nobody elses view of what america is counts unless youre one of those libtard socialists,2,None,Abusive
what the fuck was fish doing,0,None,Non-hateful
5 important questions to ask about your audience before your next presentation,0,None,Non-hateful
rt anxiety is a bitch,1,None,Abusive
in this cleveland family antitrump doesnt always mean proclinton,0,None,Non-hateful
rt happy halloween bitches katiedodds15,1,None,Offensive
rt to that cunt who said she wont rt ppl who use foul language because it lacks intelligence bitch let me introduce y,1,None,Abusive
i pull up in a gimme yo bitch,1,None,Abusive
the biggest flow of jihadis to isis was before coalition bombing,0,None,Non-hateful
i m a target regardless and my information was already public i have adequate physical security and the local police know who i am,0,None,Non-hateful
medicine has an unhealthy gender pay gap,0,Metaphore,None
fuck you ezscape noob go back to rs3 if you want your ge,2,None,Abusive
freaky bitch hi,1,None,Abusive
now you see isis following the quran and hadiths and prophet exactly in their genocide,1,None,Hate
in the meantime the peshmerga are posting pictures of truckloads of daesh killed in battle,0,Sarcasm,None
no it is clearly based on italian vowels so it is jeef,2,Sarcasm,None
can suck a fat one,1,None,Offensive
thanks for the rundown,2,Sarcasm,None
cool do i give a fuck enjoy the rest of your life being an analretentive moderator on wikipedia buddy,1,None,Abusive
the black girl is lighter than every other bitch on here yall needa stop playin fuckin up darkskin girls body image,1,None,Offensive
sango123 likes to suck cock,1,None,Abusive
does anyone know when red dead redemption will be bc thank you in advance,2,None,Non-hateful
taraji kerry and mary j redefine squad goals in new apple commercial,0,None,Non-hateful
i m not sexist but y do female managers think they r the god greatest creation way too power hungry u lot need to chiiil,1,None,Abusive
polar bear cub sleeps and dreams with cuddly toy in adorable clip,0,None,Non-hateful
stephen colbert attempts to list everything trump has attacked harder than nazis,0,Sarcasm,None
yeah guys if she smiles at you once it means she wants your d,2,Sarcasm,None
nobody knows if pollution is real,2,Sarcasm,None
how is she an actress she looks so ugly and weird looking how did she become an actress hollywood must not have attractive actresses like they used to in the good years she is like the girl in class in the back you see and then promptly turn around and forget having seen,1,None,Abusive
rt this bitch just said i hope it snows like hell this summer now how in the actual fuck do you expect that to happen,1,None,Abusive
los angeles now 70 percent overpasses,2,Sarcasm,None
i keep trying to explaingop needs co to get to 270 nominate a drug warrior like romney and you lose coand the wh,1,None,Non-hateful
this is disgusting,1,None,Abusive
duh youre my main bitch,1,None,Abusive
arabamerican thirdgrader returns from recess crying saying he didnt kill anyone,2,None,Not-hateful
dave grohl is in foo fighters idiot,2,Sarcasm,None
man under impression he went down fighting,2,sarcasm,None
got your hoe on the scroll,1,None,Offensive
i dont really want to deal with an amoeba but just to set the record straight for the antieinstein how in the name of all thats earthly does there was no evidence that wales was known as the land of song or a land of song correspond to that quotation of mine ie that the vast majority of dublin inhabitants would not recognise wales as the land of music or song you are a fraud its pure and simple now stop debating out of your anus and dont smoke weed when youre trying to make serious contributions please,1,None,Abusive
obligatory,2,Sarcasm,None
if jennifer hudson can lose weight anybody can you fat ass hoes,1,None,Offensive
do you view someone less reasonably if they openly declare hatred of your gender htt,1,None,Hate
even pickthall who is an englishman was a muslim convert,0,None,Non-hateful
yes really and no one cares about you ahahahahah i m not sexist but a new ghostbusters movie with a female castreally,1,None,Offensive
nah the cat is white so its not racist,2,Sarcasm,None
trump defends gina haspel his nominee for cia director and her record of torture,0,None,Non-hateful
tom hanks brags how smokin hot rita wilson is after 29 years of marriage,0,None,Non-hateful
isis has the only institutes in the world designed to make people stupider,0,None,Non-hateful
how to recover from unicorn hair,0,None,Non-hateful
sir winston churchhill islam is a dangerous in a man as rabies in a dog,1,None,Hate
your opinion is wrong,2,None,Non-hateful
you cant improve upon perfection,2,Sarcasm,None
mobile app to revolutionize way users waste time money,2,Sarcasm,None
that hoe skilled,1,None,Abusive
worlds worst person decides to go into marketing,2,Sarcasm,None
huffpollster carly fiorina probably wont help ted cruz save his campaign,0,None,Non-hateful
kosova article you are nobody therefore dont try to act all ape shit frankly were all getting sick of your povness and edits if you wanna troll these parts of wp then i can play tit for tat buh bye little boy,1,None,Abusive
strategic scoring is wrong secret ballot is the way to go reveal totals at the end,0,None,Non-hateful
muslim scum go die soon will you,1,None,Hate
oh and that comment was rude a punk,1,None,Abusive
follow twi insta,0,None,Non-hateful
xc2xa0thats right rockgirl dont let anyone get away with using facts facts suck we need more government to tell us what we need,0,Sarcasm,None
practice your sucking,2,Sarcasm,Abusive
now i just imagine night attacks by cumpires at florida retirement homes thirsty for sweet sweet cum,2,None,Abusive
shit is fucking retarded no one wants to see this shit,1,None,Offensive
david block that bitch,1,None,Abusive
but im calling this bitch yeah ok after you called me i return calls especially if it aint my girl,1,None,Abusive
i will tell it for final time listen up ahole the sucket puppet i dont care where you place it or where you connect to me that its me and 10 other people whatever i wrote my bio about me and i have the right to blank it if you continue doing this i will blank your page from 10 different ips i have access to and you will have to block all ips for the rest of your life am i blanking your page ahole get a life and grow up you deserve these words,1,none,abusive
undeniable facts ferguson pd gassedopened fire on crowd including presschildrenhandicapped without warning three hrs,0,none,non_hateful
my pits be stankin from doin dem flows is hard on a ol colored body in da heat dem white women be pushy when day want dare flows fixed,0,none,non_hateful
i learned that every bad bitch comes wit mood swings just like mortal kombat liu kang so true mane,1,none,offensive
forgot your,2,sarcasm,non_hateful
congratulations on playing in a pub and clicking m1,2,sarcasm,non_hateful
its time to take a stand against trump,0,none,non_hateful
at least it kept him from the unsavory humanism of the peace corps,2,irony,non_hateful
nah most of the trees here are pretty short,0,none,non_hateful
for clean air and a safe climate future,0,none,non_hateful
safetyconscious senior locks screen door,2,humor,non_hateful
asides with jon chattman sweet and notsosweet emotions joe perry gets honest about aerosmith in new memoir,0,none,non_hateful
your a gloyte do one,0,none,non_hateful
has alzheimers been cured,0,none,non_hateful
last retweet,0,none,non_hateful
rt you cant be like let me miss ya sometimes bitches take it overboard and shit i said give me time to miss yo ass not,1,none,abusive
you must be talking about obama and holder,0,none,non_hateful
under trump union election rules could be tilted in employers favor,0,none,non_hateful
wedding planner suggests replacing unsightly groom,2,humor,non_hateful
fuck these hoes im gone,1,none,offensive 
it feels awkward to have the playing against the i mean we all know who im rooting for but its awkward,0,none,non hateful
pedos,1,none,hate speech 
rt a bird that courts females by building a beautiful nest with bright objects,0,none,non hateful
sorry i block cretins,0,none,non hateful
skip bayless packers fan,2,sarcasm,none
ah well no ones perfect,0,none,non hateful
dr scholls introduces new cartilage inserts for allday knee pain relief,2,humor,non hateful 
rt when the pussy so wet you hear that shit smacking,1,none,offensive 
flashback ferguson cops beat man charged him for bleeding on their uniforms,0,none,non hateful 
wow impeachment look at you using your vocab workshop words guess we were only half wrong about you being a dumb cunt,1,none,abusive 
woman who accused bill clinton of sexual assault joins antihillary pac,0,none,non hateful
are those any good,0,none,non hateful
when will the economy start caring about homecare work,0,none,non hateful
because thats totally action figure related,2,sarcasm ,non hateful 
this totally isnt gonna fizzle and fade into the shadows like every other kickstarter shooter game,2,sarcasm ,non hateful 
rt just because you not official doesnt mean you can act like complete trash and be free from acting like a decent human being,0,none,non hateful 
no its completely natural for old men to obsess over their granddaughters sex life,2,irony,non hateful 
rt if u dont want your heart broken then dont check for a nigga who entertains hoes,1,none,offensive 
next to be eliminated needs to be kat amp andre for sure,0,none,non hateful 
good bye mkr kat and andre have turned me off this vile show now,0,none,non hateful 
area man unsure if hes supposed to want hugo chavez to die or not,2,irony,non hateful 
paralympian made tv host who wears prosthetic leg proud to be disabled,0,none,non hateful 
seth meyers the gop tax bill is a brazen heist of the country,0,none,non hateful 
islam doesnt answer anything it pretends to answer with illogical and delusional superstition,1,none,hate speech 
yes of course i need people to share this with,2,sarcasm ,non hateful 
is like the most measured evidencebased feminist lens with which to view video games and yet to them radical feminist harpy,0,none,non hateful 
determined ant requires second flicking,2,humor,non hateful 
tired of these niggas turning females into stuck up bitches,1,none,offensive 
why moms demand action will participate in day without a woman,0,none,non hateful 
lessons from my father education is the key to success,0,none,non hateful 
shut up foureyed cuck,2,sarcasm ,non hateful 
death of dc man in security guard custody ruled a homicide,0,none,non hateful 
i can tell you what the argument is about here newseventsguy its about your retroactive reversion of a simple edit trying to include secondary independent verification of sedimentary nanodiamonds in younger dryas sediments by bement and madden et al without discussion a reference that i notice has not yet been included in the reference list still after all this time this is after you admit that you are ignorant of the peer review literature and the controversy any attempt to do simple reference list edits on this page have been stomped by no less that five admittedly biased and ignorant editors the honorable thing to do here would be to recuse yourself from editing the page as i have but i havent seen that happening until now good luck with it youve already made complete fools of yourselves,1,none,abusive 
let the cpc openly embrace the wildrose next election kill both those buzzards with one stone,0,none,non hateful 
australia is pretty nice these days though,2,sarcasm ,non hateful 
ight this friday nig,1,none,offensive 
steve drasko is the male equivalent of those faux models wannabe,1,none,offensive 
worlds jews celebrate christmas with ceremonial remurdering of christ,2,humor,non hateful 
korean fifty shades parody has crazy twist you wont see coming,0,none,non hateful 
yeah one of the premier athletes in the world could never meant how to defend a take down,2,sarcasm ,non hateful 
you do not deserve to be alive drop dead now,1,none,abusive 
i mean if she a cunt then she a cunt it happens,1,none,offensive 
rt u a faggot if u heat up leftover pizza,1,none,hate speech 
this is a lot like spree choking pj carlesimo but way more disrespectful because lebron did it in a game in front of others and not in the privacy of a practice,2,irony,non hateful 
no man all white people in sweden are racist 200 of them everybody should just open the door and bring 10 refugees into their house and share everything they have with them,2,sarcasm ,non hateful 
do it do it youll still e a fag but do it ill pass heidi,1,none,hate speech 
how right you are,0,none,non hateful 
rt lol bitch run ya bands up you know im dumbi hate a broke bitch i hate em,1,none,offensive 
turk a hoe yall,1,none,offensive 
mom really funny today,2,sarcasm ,non hateful 
mistake i find both abortion amp child abandonment detestable but if one gets an awful choice both must,1,none,offensive 
better if it were a 500 though,0,none,non hateful 
all religions are not the same islam is more violent than other religions,1,none,hate speech 
right because an all girls school would never result in a kid being bullied or teased for how they look,2,sarcasm ,non hateful 
gabon nicaragua,2,sarcasm ,non hateful 
i hope you get cancer you pedophile,1,none,abusive 
rt knew a bad bitch but she was kinda slow,1,none,offensive 
stop it stop putting stupid things on my talk page,1,none,abusive 
invest in human capital,0,none,non hateful 
office cheering on employee going for 32minute nonstop work streak,2,humor,non hateful 
im finna quit this bitch irratating me frfr im sick of this shit let me start job huntin now,1,none,offensive 
this world needs a build a bitch workshop,1,none,offensive 
rt lol got these hoes in they feelings,1,none,offensive 
october 2007 utc woot that means that this article actually kinda matters and people give a shit d a good step towards the him wiki editors goalhimband fa status p 0004 27,1,none,offensive 
rt nerds are cool because they get really judgey about other nerds being passionate about things they arent passionate abo,0,none,non hateful 
wrong again steve,0,none,non hateful 
mf buffs incoming,2,sarcasm ,non hateful 
students send hilarious tweets to superintendent thanking him for snow day,0,none,non hateful 
killer mike uterus comment was taken out of context,0,none,non hateful 
never said men are smarter i said feminists are stupid most women are not feminists but 100 answers ill focus on 2,1,none,hate speech 
i m not sexist but girls and driving doesnt work,1,none,hate speech 
razor is the correct spelling,2,sarcasm ,non hateful 
kim cattrall says ellen would make a fabulous samantha in sex and the city 3,0,none,non hateful 
mississippi town rejects historic lgbtq pride parade despite local support,0,none,non hateful 
every child deserves a fair chance,0,none,non hateful 
please dont play the victim here if anything you are the person who is out to do anything you can to pick this article apart and get your perfered version or delete everything and damned the torpedos you are no victim you are the agressor in all this you are the cause for not one but two protections on this page so far and probably more to come we have been more than willing to engage in discussion but when that discussion doesnt go your way you throw a hissy fit and delete something you should be blocked banned tarred feathered and sent to the gallows for the way you have acted talk,1,none,abusive 
fuck you and your sandbox take your sandbox and stick it up your asshole,1,none,abusive 
but at least i have my freedom,2,irony,non hateful 
scientists confirm theres nothing but misinformation on antivax sites,0,none,non hateful 
victor hugos les lunchables to hit broadway,2,humor,non hateful 
do you really think thats the hidden message,2,sarcasm ,non hateful 
rt spike lee is one of those wealthy people he bitches about thats causing gentrification,1,none,offensive 
bishonen so are you his lackey or just a sycophant hes a big boy shame he has to call on his underlings to do his bidding dick laurent is dead,1,none,abusive 
this account is so incredibly retarded,1,none,offensive 
another quality tournament with top tier teams yay,2,sarcasm ,non hateful 
rt oreo cookie pancakes,0,none,non hateful 
youre the closest to that dont call me sexist cause im the farthest from that but holy fuck i hate feminine activists,1,none,hate speech 
nothing i like women in pink its a tipoff that they dont angrily reject femininity likeahem well you know,1,none,offensive 
man let me edit the damn pink spiders page,1,none,offensive 
theres something wrong when a girl wins wayne rooney street striker,1,none,hate speech 
rt all the bitches who called me a hoe in high school got like 23 kids now,1,none,offensive 
supreme court weighs if friendly tips worth millions constitute insider trading,0,none,non hateful 
shredding the fourth amendment in postconstitutional america,0,none,non hateful 
old hoe lol rt my juice is gone im just an old bitty now,1,none,offensive 
what thugs the driver clearly stated he didnt consent to the arrest,2,sarcasm ,non hateful 
sound like paradise,2,sarcasm ,non hateful 
not a real expansion just already existing local terrorists declaring loyalty to the worst of the worst,1,none,hate speech 
cause these hoes aint loyal and niggahs aint either when it go down you callin for hittas that you aint,1,none,offensive 
1 more former general unloads on wh paralyzed amp playing defense against islamists ht,0,none,non hateful 
katie nikki and pete evans are everything that is wrong with society hard to argue with that,0,none,non hateful 
muslim declared war on humanity and their have been murdering men women and children for 1400 years,1,none,hate speech 
dont rapezone me,1,none,offensive 
rt you ever call your ex while youre fucking your side bitch yea im gonna do that later,1,none,offensive 
6 ways to reduce plastic waste this summer,0,none,non hateful 
cracker jack work cdc did ya think of checking the plane full of people,0,none,non hateful 
rt you have no sense of humor so back off their backs ur a lil bitch and im 10,1,none,abusive 
eva used the word heat shes def a wrestler,2,sarcasm ,non hateful 
kill all niggers i have hard that others have said this should this be included that racists sometimes say these,1,none,hate speech 
bitch caught a body about a week ago everybody catching bullet holes,1,none,offensive 
nbc relocates nightly news to trump tower for a night,0,none,non hateful 
because lynchburg college is so beautiful,2,sarcasm ,non hateful 
yeah the fsa is not fighting for freedom and democracy they are just isis lite,0,none,non hateful 
people assume she saw my aviname amp blocked nope blocked by her before i knew who she was fems use a block list so,1,none,offensive 
not really a league either should change it to european cupo wait,2,humor,non hateful 
the place for it is dumb just attach it to the wheels and you can get the power for free,2,sarcasm ,non hateful 
at how many for does mine craft run on that,2,sarcasm ,non hateful 
rt stupid ignorant bitch stopped by chickfila in the woodlands to support a great business,1,none,abusive 
obama narrowly survives carnivorous section of rose garden,2,humor,non hateful 
bored god tries to fit all of jupiter in mouth,2,humor,non hateful 
learn new habits to break emotional eating patterns,0,none,non hateful 
chrissy teigen has 2 words for hater who insinuated shes a gold digger,0,none,non hateful 
hey i asked you a question and you still havent responded to it yet11111111111111111111111111111111111111111111111111111111111111111111111111111111111111111111111111111111111111111111111111111111111111111111111111111111111111111111111111111111111111111111 suck my fucking balls you fucking assholes7219116467 mrivera25,1,none,abusive 
your lazy ass keeping the admin back log low retard your not making a difference you cant fill a sand bag with all your wonderful edits,1,none,abusive 
rex tillerson says us committed to nato in first alliance meeting,0,none,non hateful 
and the sad thing is to list all the names affected by this crap would take days if not months time to fix it,0,none,non hateful 
charter school advocates play the race card,0,none,non hateful 
whatever youre owned so you handle it coco,0,none,non hateful 
wtf you are now just as bad as fcytravis why not warn him anus,1,none,abusive 
man with apple hovering in front of face sues ren magrittes estate,2,humor,non hateful 
my bestfriend is the biggest bitch i know thats why we are best friends lol,1,none,offensive 
wait a minute which picture is minecraft and which picture is real life,2,sarcasm ,non hateful 
rt breaking japanese ace masahiro tanaka will sign with the yankees for seven years 155 million via fox sports,0,none,non hateful 
i let all of em go rt if u got two hoes u need to let one go,1,none,offensive 
yall take note there aint never tornadoes where colored folk live,0,none,non hateful 
youre a fing pos arent you xa0weak pathetic loser liberal turd i suppose you kept your virginity until you were married right or maybe you are still a virgin a s e x scares you xa0maybe you are just a perfect holy roller oh wait that cant be because you think holy rollers are all republicans hmmmm xa0ok ill bet you are just an id iot,1,none,abusive 
rt girl i wanna rip my dick off and throw it at your pussy,1,none,offensive 
yeah shouldve been the proposed dark templar speed buff instead,2,sarcasm ,non hateful 
pier 1 imports unveils new selfdefense vase for smashing onto head of home invader,2,humor,non hateful 
bad breath aint cute not even if you a so called bad bitch and its usually cause by a shitty attitude unk aint ever lied,1,none,offensive 
rt before i betray them i slit my wrist,0,none,non hateful 
is such a hoe wear your shoes ya big bitch you missed the couch shot ray allen bailed you out pussy,1,none,abusive 
literally unplayable,2,sarcasm ,non hateful 
you should try destiny i clocked 69 days in it,2,humor,non hateful 
suit yourself im just here for clicks,2,sarcasm ,non hateful 
you forget equality means equal results not equal access,2,irony,non hateful 
a lot of you males need to dress up as real men for halloween since yall be acting like bitches all year,1,none,offensive 
oh good a news article that will finally explain this for me ive been looking all over for someone to talk about this but it seems everyone is just too scared,2,sarcasm ,non hateful 
rt fuckin skyler white is such a bitch,1,none,abusive 
to be fair to troyzan he didnt start alienating people until it was 100 clear that he was going home the next time he didnt have immunityxa0 thats when he started acting like a dick doing the whole this is my island shit when he won etcxa0 before that he was working the social game just fine,0,none,non hateful 
xc2xa0youre female gay or both,1,none,hate speech 
low info people are pissed oh no dumb fucks race baiting bitches,1,none,offensive 
prove him wrong righties liberals use facts cons use emotions to make decisions facts be damned should be the teabagger motto,1,none,offensive 
mommy needs a nap,0,none,non hateful 
watch top chef michael voltaggio read onestar yelp reviews,0,none,non hateful 
but using a server browser is super hard,2,irony,non hateful 
gentrification mockumentary asks you to please remember rich white kids,0,none,non hateful 
how this transgender political hopeful plans to capitalize on milestone ruling,0,none,non hateful 
sex is also cooler when its illegal,2,irony,non hateful 
eric trump my dad isnt racist because he only sees 1 color green,0,none,non hateful 
call me sexist but honestly mass majority of woman cant cut it in combat arms its a liability,1,none,hate speech 
cant wait rt all niggas wanna do at 45 is pop viagra and pop young bitches,1,none,offensive 
you have a valid point but should you be talking uirepostfromtop,2,sarcasm ,non hateful 
con stalkers some idiot in vancouver simply can not grasp that conrad black has been convicted of fraud and is in fact a career criminal pointing out that conrad black has been convicted of fraud does not amount to vandalism it is a fact,1,none,abusive 
just read this instagram profile luv my grls princesses by birth bitches by choice yeaaah youre cool,1,none,offensive 
danny devito a lot taller thinner in person,2,humor ,non hateful 
as far as you know haha,2,sarcasm ,non hateful 
bernie sanders it is not a radical idea to ask for a 15 minimum wage,0,none,non hateful 
hey buuuuuuddy you really suck a lot of dick,1,none,abusive 
this is probably the first mammal extinct because of manmade climate change,0,none,non hateful 
uhh no bitch i never overplayed itv,1,none,offensive 
weve long excused the sexually abusive behavior of older men not anymore,0,none,non hateful 
epic i just watched this guy on ted and he is fucking epic,1,none,offensive 
there should never be allmale panels ubs exec says,0,none,non hateful 
yeah the hillary supporters are the real hypocrites,2,sarcasm ,non hateful 
apparently only idiots are allowed to make pronouncements and judgements here anything sensible is deemed unfit for general viewing what a bunch of fucking tarts where am i meant to be writing this,1,none,abusive 
colin needs to go for a jog pete maybe needs a gastric pump colonic irrigation dialysis,0,none,non hateful 
the ability to lock a unique phone to your account already exists enginfra is already there expose if a has been added via metadata,0,none,non hateful 
it means we dont have to cut russell wilson,2,sarcasm ,none
rt im that type of bitch to tell you im on my way knowing i just got in the shower,1,none,offensive 
travel etiquette how to use a flight delay to your advantage,0,none,non hateful 
not sure,0,none,non hateful 
boy scouts unveils historic name change as girls join youth programs,0,none,non hateful 
lrt i just did im saddened bc she been tweeting like a hoe,1,none,offensive 
brands that make you aww,0,none,non hateful 
nsa can somebody good at computers help us,2,humor,non hateful 
that pussy is just imma assume she just had a baby likethe day before,1,none,offensive 
we aint gon talk bout yo partnas cuz dey aint shit like my niccas,1,none,offensive 
this guy would so get a show on spike if they could somehow revive the son of a bitch id watch,1,none,offensive 
well you have his support but you just lost mine,0,none,non hateful 
the effects of delaying puberty for trans youth,0,none,non hateful 
rt i havent slapped a bitch in two weeks,1,none,abusive 
yeah coz blizzards owns the word pit lord and no one is allowed to use it other than them,2,sarcasm ,none
i m disappointed i ve never been in a group dm with you,0,none,non hateful 
oh no that would be calling people waycist,2,sarcasm ,non hateful 
i mean id much rather have matt ryan right,2,sarcasm ,non hateful 
nice ears bitch you look like a god damn elephant,1,none,abusive 
how to be grateful and stop acting like a frustrated toddler,0,none,non hateful 
lets prove your theory by having you chewed for a few seconds and see where you stand hopefully your jugular wont be touched,0,none,non hateful 
so that history test made me its bitch haha,1,none,offensive 
help out a school counselor im in with,0,none,non hateful 
redford to redigitize ordinary people improve space battle,2,humor,non hateful 
when i use my tax software i really care the the developer enjoyed what he was doing and made sure to thoroughly craft it out,2,sarcasm ,non hateful 
i wish i could live in the land of the free where such a balanced justice system exists,2,irony,non hateful 
the valentines day cards of your wildest lesbian dreams nsfw,0,none,non hateful 
you are a fool hispanics are hispanics are hispanic to the bone i hear rubio saying illegals good illegals good illegals good punish all anglo racists illegals good illegals good legals bad legals bad anglos bad anglos bad uncle fidel good uncle fidel goodxa0 laraza good laraza good progs good progs good conservatives evil conservatives evil conservatives fools conservatives fools that his what i hear from your next prog idol that is going to break your heart,1,none,hate speech 
try the shark i hear its great,2,sarcasm ,non hateful 
electing a president 5 things to consider,0,none,non hateful 
you cant spell patrick without trick so trick or treat bitch,1,none,offensive 
christmas letter ominously makes no mention of the twins,2,humor,non hateful 
hey if i stir a spider rockstar and monster together and chug it would i definitely be hospitalized or just maybe asking for a friend,0,none,non hateful 
burglar bursts through ymca ceiling steals toy money,0,none,non hateful 
allbeef patty 70 percent beef,2,sarcasm ,non hateful 
activist puts two vampire bats in his mouth because,0,none,non hateful 
rt females be 14 acting 18 turning up like they 21 throwing the pussy like they 25 but still cant pass alg,1,none,offensive 
im sure the insurance companies will cover a federally illegal substance,2,sarcasm ,non hateful 
mike prysner is some putin paid russian troll working in a propaganda sweat shop in st petersburg,0,none,non hateful 
lmaoo rt tyga wife hoes and teenagers his life sucks,1,none,offensive 
forreal forreal i would let the founder of capcom fuck my bitch they made street fighter and marvel vs capcom,1,none,offensive 
some friend you are,2,sarcasm ,non hateful 
hahaha as if you can talk sorry what did you do in your first round,0,none,non hateful 
another instant restaurant round wtf,0,none,non hateful 
they should have known better than to visit india with vaginas,2,irony,non hateful 
doctors to exercising seniors dont bother,2,sarcasm ,non hateful 
but hes such a great leader and hes a great adult figure to teach these kids how to just suck it up and perform better,2,sarcasm ,non hateful 
i cant fuc wit no bitch thats addicted to drugz,1,none,offensive 
rt any girl that talk about sex on social media is a hoe,1,none,offensive 
at gunpoint i guess,2,sarcasm ,non hateful 
the immorality of trumps new travel ban,0,none,non hateful 
hitlers birthday its like ironic and shit holy fuck i cant believe twitter oked that username and not youre sexist as fuck,0,none,non hateful 
lawmaker who wants confederate monuments removed gets anonymous racist threat,0,none,non hateful 
married couple longs for days when they only quietly resented one another,2,humor,non hateful 
to be fair football fans can get pretty unruly,2,sarcasm ,non hateful 
glade introduces new spring meadow fire extinguisher,2,humor,non hateful 
if it means turning him into the rock in the long run why not,2,sarcasm ,non hateful 
one woman protest can not stand another round of instant restaurants bye bye,0,none,non hateful 
keep in shape for the ski slopes,0,none,non hateful 
rt fuking bitches that dont move when you say excuse me is whats wrong in this world,1,none,offensive 
only one problem theres a no pussies allowed sorry,1,none,offensive 
silly women and their minds,2,sarcasm ,none
did you see the picture of president limber neck bobbing his head to the mexican president on drudge front page nn,0,none,non hateful 
6 new years resolutions that dont take all damn year to accomplish,0,none,non hateful 
its kat amp andre vs katie amp nikki in the last redemption round instant restaurant who will escape elimination,0,none,non hateful 
dears in unu r talking too much with no activities this is the way that people dies in mosul,0,none,non hateful 
a guy claiming to be republican called cspan news and said republicans hate that nigger obama,1,none,hate speech 
i am glad to know that my tax money is being used for a great cause,2,sarcasm ,non hateful 
put them on the line i smell a rat,0,none,non hateful 
mondays morning email the aftermath of the worst mass shooting in us history,0,none,non hateful 
rt if i stop my car so that you can walk across the street i better see some hustle out of you knees to chest bitch knees,1,none,abusive 
read the fucking talk page first idiot what is with you shit for brains editors next time before reverting read the fucking talk page you stupid son of a bitch its morons like you that give all wikis a shitty rep 9913922487,1,none,abusive 
man im gna get one of those and his fucking was hot as shitt 3,0,none,non hateful 
great reply except it was trash,0,none,non hateful 
sigh,2,sarcasm ,non hateful 
beekeeper slowly becoming bee hoarder,2,humor,non hateful 
no it is the primary reason of government to make sure that the money ends up in the right pockets,2,irony ,non hateful 
open ended questions are indeed tricky and manipulative,2,sarcasm ,non hateful 
wrong information in the article it claims all 20 of the sites three million gallon capacity tanks are on fire this is not correct both the mp for hemel hampstead and the poilce sercvices have said that there are more exploisions expected from so far unaffected tanks and the bbc coverage has even shown the unexploded tanks i think it is sickening that you have inserted this misleading information into this article which details a terrible event shame on you,1,none,abusive 
rt big booty hoe,1,none,offensive 
sure the us and a carrier pigeon are exactly the same that makes sense,2,sarcasm ,non hateful 
the entire history of antiracism from my birth to now,0,none,non hateful 
delta airlines counter agent assures man he will never see his family again,2,humor,non hateful 
steve gt drasko seriously,0,none,non hateful 
ted cruz sold out guys,2,sarcasm ,non hateful 
7 crazygood recipes for sweet summer corn,0,none,non hateful 
vegetables meat and fish arent breakfast foods,0,none,non hateful 
rt im about to go on be the devil catfish some hoes,1,none,offensive 
ahahaha i knew that would happen nothing new happens on,0,none,non hateful 
they should get more strict gun laws in chicago,2,sarcasm ,non hateful 
teen study bible found to increase fun of religion by 03,2,humor,non hateful 
guess what you incompetent american flabbergassed dodo bird i think you should do a bit of research but you still wont find the informatoin i know for my family members are in tarsus clubs you low iq idoit id say 90 percent are facts shutterd out the the general public now sorry lonely internet 50 year old i have to gom,1,none,abusive 
and still nobody neither wants nor needs this phone,2,sarcasm ,non hateful 
frickin vandals hunt em down admins please racooon,1,none,abusive 
yaelah cow jaman skrng pamer kekayaanitu jg pnya ortu lo xblagusombongga levelmeningan orng biasa ja tp pnya hasil krja sndiri,0,none,non hateful 
time to ruin my rep,2,sarcasm ,non hateful 
after you get good pussy you be feelin like you just found the last dragon ball,1,none,offensive 
i said middle school days as in the ghetto way people and what i am nor here to impress you what are you go,0,none,non hateful 
no one said threats werent serious however theres a difference between isis and gamergate,0,none,non hateful 
suomi finland boys the vitun dream,2,humor,non hateful 
rt marriage not for everyone some bitches just want u to sleepover sometimes,1,none,offensive 
most potheads take themselves extremely seriously in my experience,2,sarcasm ,non hateful 
i m not sexist at all but woman sports analysts shouldnt be a thing,1,none,hate speech 
tweetdeck has gotten a lot better they finally fixed the big blocklist bugs,0,none,non hateful 
open sesame are not always magic words,0,none,non hateful 
whats so complicated about collateralized mortgage securities,2,sarcasm ,non hateful 
fuku daniel case and katie dum bich,1,none,abusive 
if you not his momma or his sisters goodbye bitch i do not have time for that,1,none,offensive 
we did it reddit,2,sarcasm ,non hateful 
because this picture is here solely to please your dick,2,sarcasm ,non hateful 
area woman not about to miss ally mcbeal for that,2,sarcasm ,non hateful 
more hilarity from south park,2,sarcasm ,non hateful 
since gators are yelling at me for responding to a fan and making this if you wanna fund me off patreon heres a link,0,none,non hateful 
wow the guy who called him out sure showed him,2,sarcasm ,non hateful 
pope francis donates clothing to needy refugees,2,sarcasm ,non hateful 
hey carleshows this soundfuck off about grimesshes my fucking girlfriendand your fucking annoying i fucking love herand your a dick,1,none,abusive 
aahahahaha that idea is brilliant,2,sarcasm ,non hateful 
what a shame,2,sarcasm ,non hateful 
rt porn star is fancy talk for professional hoe,1,none,offensive 
report some people actually very happy,2,sarcasm ,non hateful 
taylor swifts arrival causes airport delays in japan,0,none,non hateful 
still looks better than the xbox one version,2,sarcasm ,non hateful 
walking in memphis huffposts listen to america tour stops in tennessee,0,none,non_hateful
all of math teachers examples involve moon pies,2,sarcasm,non_hateful
couple keeps marriage together for sake of no one,2,humor,non_hateful
jabari parker looking quite lonely,2,sarcasm,non_hateful
margaret atwood speaks out against antiabortion legislation in the us,0,none,non_hateful
rt i like being asian and all but its a struggle having squinty eyes in every picture,0,none,non_hateful
john henson craig kilborn meet for historic smugbastard summit,2,sarcasm,non_hateful
you are right 100 logical,0,none,non_hateful
never did like that bitch,1,none,abusive
rt im pretty sure just called that dude a faggot,1,none,offensive
people clearly never condemn this shit,2,humor,non_hateful
fuck off my page,1,none,offensive
but its cold where im at,2,none,non_hateful
yeah you call her waifu,2,sarcasm,non_hateful
iraqi forces open fire on protesters storming green zone,0,none,non_hateful
kat and andre dont deserve it hope they destroy them in the group rounds,0,none,non_hateful
kendrick lamar taylor swift and the weeknd lead the 2016 grammy nominations,0,none,non_hateful
and the number of christians in israel is increasing while in all muslim countries it is shrinking,1,none,offensive
britney spears loses custody of child to in touch magazine,2,sarcasm,non_hateful
we ve kinda got a system worked out he sits his butt on my desk front legs around my neck and i try to type around his wagging tail,0,none,non_hateful
oh you got a new bitch you think you got a new bitch,1,none,abusive
obviously you should do the wrys archetype older healer before lena contains wrys and moulder,2,humor,non_hateful
man sandboxr outdid themselves on this one,2,sarcasm,non_hateful
cheetah printwearing ali wong minime throws down on the dance floor,0,none,non_hateful
bro you didnt say that dcs batmanvsuperman was unbridled masterpiece youre obviously a troll,2,sarcasm,non_hateful
some people take things to far but they will learn to keep gob shut next time,0,none,non_hateful
i see you fuck bitches i fuck bitches also,1,none,offensive
i m just gonna stop you right there it isnt sexist if youre right,1,none,offensive
kollam evanonnum vere oru paniyumille nanam kettavan,0,none,non_hateful
talented leo,0,none,non_hateful
he would just cut in on the left and then shoot off at the end though passing isnt for him,2,sarcasm,non_hateful
dis bitch got these flintstone sandals,1,none,offensive
thats what happens when you date a colored,1,none,offensive
sneezing into a kleenex in pakistan will cause an uproar,2,sarcasm,non_hateful
portland,2,sarcasm,non_hateful
media ethics whose standards,0,none,non_hateful
lol niccas remember the ginyu force,1,none,offensive
not even the death of a fellow human can stop the racist blacks in this country but i hear what you are saying all the farm murderers also walk freeso your point is,0,none,non_hateful
fucking faggot this guy is a total fucking faggot,1,none,abusive
yeah you should try the understanding part some time,0,none,non_hateful
wait you can aim in black ops 2,2,humor,non_hateful
goeatyourdogyouposlibtard,1,none,offensive
sky orb,2,sarcasm,non_hateful
rt when tyler the creator said rape a pregnant bitch and tell my friends i had a threesome,1,none,abusive
oh they are your friend is just ungrateful,2,none,offensive
rt dont watch me you beta watch your bitch nigga,1,none,offensive
uhh messi trash and im flattered but what was the games scorre,0,none,non_hateful
being gay is absolutely a choice if it were not a choice how do you explain the thousands of people who were in that lifestyle and have rejected it and become heterosexual,0,none,non_hateful
yeah because that kind of gear is used in nonviolent protestors who are totally wothin their rights,2,none,non_hateful
modern family appears at 9 pm just as prophesied in tv guide,2,sarcasm,non_hateful
rubio refutes claim he soft on immigration by dragging undocumented worker he knocked out cold onto stage,2,humor,non_hateful
bitchbe quiet somebody needs to kick your ass for talkin that stupid shithoe,1,none,abusive
you are dumb you are dumb,1,none,abusive
everybody in dot moboredmickey factz when you battled clips he wore some ancient hong kong shit 2 different colored hitops,1,none,abusive
report some russian soldiers quit army over ukraine war,0,none,non_hateful
but spirituality is not ritual or rules or groveling prayer it is a private subjective experience,0,none,non_hateful
how do crimes of christianity excuse the barbarity of islam no one here is trying to sell christianity,0,none,non_hateful
okay but have you thought about the fact that certain people arent people especially people who arent me,2,sarcasm,non_hateful
she a hoe cause your boyfriend want her she scary cause she dont talk shit like yall she ugly cause you dont like her grow up,1,none,abusive
immigrants they get the job done in amazing new hamilton mixtape video,0,none,non_hateful
toddler junkie immediately hooked on looking at trains after first exhilarating high,2,sarcasm,non_hateful
usc senior rb anthony brown calls head coach steve sarkisian a racist and quits team hes a bitch,0,none,non_hateful
rt you and me both probably some ghetto piece of shit who has nothing better to do with their lives,1,none,offensive
oh hell is blizzard proxying tweets instead of sending the tweet content directly to twitter from the wow client,0,none,abusive
rubio and cruz have antilgbt advisory boards where is trumps,0,none,non_hateful
lmao 60 but im hella skinny so bitches dont like me,1,none,offensive
tom petty is wrong religion isnt more likely to lead to war,0,none,non_hateful
who gets your vote can we vote for more than one,0,none,non_hateful
teen does more pullups in a day than youll do in a lifetime,0,none,non_hateful
xbox live fags,1,none,offensive
will tax reform close the gaps,0,none,non_hateful
admins have free reign people keep removing the above questions from a user and i believe they are ligitimate questions i would like to see some more accountability from this admin seems many people have issues with him yet he is allowed to maintain his status as admin and abuse his position daily does wikipedia support and encourage the public use of foul language doesnt wikipedia take seriously copyright protection if the us library of congress is not a source that can be cited what then is i believe phil sandifer needs to answer questions when posed this is his responsiblity as a wikipedia appointed admin more important as an admin phil you have the responsibility to lead by example and using degrading swear words like fu is disgraceful,1,none,non_hateful
you forget the,1,none,offensive
obviously obamas fault,2,sarcasm,offensive
more slots are too confusing for new players,2,sarcasm,non_hateful
but why google something when i can put it on reddit,2,sarcasm,non_hateful
requests sexual favors,2,humor,non_hateful
losing a child without losing your mind,0,none,non_hateful
huh funny i find you the most backwards of all call me sexist but i think its backwards to have female football commentators,1,none,offensive
rt thats fucked up when a bitch you fw down talk you then with hoes they claim they dont fw funny,1,none,offensive
well i guess that lays things to rest,1,none,non_hateful
joe bruin is pretty damn creative if you ask me,0,none,non_hateful
well obviously if it isnt a full hd call of duty game on the vita with 100 man battles and free dlc then it isnt a real game,2,humor,non_hateful
dilli dilwaalon ki,2,sarcasm,non_hateful
yep sobs i got my hopes up when a couple of the national guys including that kipermcshay mock had him slipping,0,none,non_hateful
ill leave you alone when you levae me and my talk page alone you white fuck,1,none,offensive
she obviously had them done for other peoples sexual pleasure,1,none,offensive
please dont feed the poor campaign catching on,2,sarcasm,non_hateful
nah answering to provokation is the n1 sign of psychopathy,2,humor,non_hateful
i love netgear products,0,none,non_hateful
thats all bullshit and you know it,1,none,offensive
inb4 intimidate is working as intended from hates us,2,humor,offensive
tu es la cul,2,humor,offensive
if you dont stop bitching ill change my ip address and come back again,2,humor,non_hateful
oh man did you hear that the volkswagen xl1 was banned in the us because it got too good of gas mileage and it only costs 30000,2,sarcasm,non_hateful
call me sexist or whatever but if ur my gfwomanwife keeping the house exception our room laundry amp folding clothes is a m,0,none,non_hateful
seems eva amp debra think they are michelin star chefs after their instant restaurant result dont quit your day jobs just yet,0,none,non_hateful
idk man that r8 update last year was pretty hype,2,humor,non_hateful
yet this nigga still checkin up on his old hoes,1,none,abusive
rt niggas be in your messages like be on twitter like fuck bitches come on nigga which one you gone be drake or,1,none,offensive
rt rich homie and bird man gone be at mansion lan tonight,0,none,non_hateful
i think we all agree that yokai watch is superior to both pokemon and digimon in every aspect,2,sarcasm,non_hateful
haaaaha good one but marge i m missing the chili cook off,0,none,non_hateful
matt cassle is an 11 win quarterback,2,metaphor,non_hateful
laughable censorship i see that a post i did in the moon hoax article was ofcourse censored fuck you all admins,1,none,offensive
surprised,0,none,non_hateful
youre such a darkie,1,none,abusive
japanese dubinstant harem,2,humor,non_hateful
they were very talented the first 6 innings,2,sarcasm,non_hateful
25 stunning snaps to kick off wedding season,0,none,non_hateful
security removes bidens rowdy buddies from auditorium,2,humor,non_hateful
looks like it was a great choice,2,humor,non_hateful
toyota launches back to the futurethemed ad campaign,0,none,non_hateful
please post your ignorant comments here so i can edit them and make you look silly,1,none,offensive
when u hitting it from the back u gotta call her bitch they love that but dont u dare call em slut,1,none,abusive
iran moves to ban events of mass destruction,2,sarcasm,offensive
grandpa looking absolutely precious in new baseball cap,2,humor,non_hateful
exactly hes not jewish by choice or allegiance amp i bet he doesnt got synagog he only reads torah for faults,1,none,offensive
las vegas sands pays 9 million to end sec probe into china macau,0,none,non_hateful
well at least they fixed voice chat in the lobby,2,sarcasm,non_hateful
rt this beat deserves hennessey a bad bitch a bag of weed the holy trinity,1,none,non_hateful
and we fought the germans for their actions the first crusades were muslims attacking christiandom,1,none,offensive
much self aware wow this made me crack up,0,none,non_hateful
wow rt im lost are those buttcheek piercings yeah shes a hoe,1,none,abusive
rt if you cant see when you have a real woman by yourside through thick and thin then maybe you do deserve these hoes,1,none,abusive
my high school boyfriend the con artist,0,none,none
yeah only those dirty jews follow the old testament,1,none,offensive
old milwaukee book of world records confirms title for most punches to shoulder,2,humor,non_hateful
i just bought a bentley and a bitch came wit it,1,none,offensive
you still fuckin with a sorry ass nigga that makes you a sorry ass bitch,1,none,abusive
wow no todays feminist thinks teach men not to rape is not sexist but it is,1,none,offensive
youre a lying sack of shit because i know you love me,1,none,offensive
and look at the plethora of successful head coaches hes spawned,2,sarcasm,non_hateful
nah dude i watch tsm legends i know exactly what the pros are like,2,humor,non_hateful
its because he hates burnie,2,humor,non_hateful
rt been trynna catch up witchu pussy,1,none,abusive
takes a picture when you kill someone with it,2,sarcasm,non_hateful
report really old tenant probably pays much cheaper rent,2,sarcasm,non_hateful
lol chill pussy,1,none,abusive
not to mention his show is all about drama,2,metaphor,non_hateful
rt aye everyone buy some bombass brownies tomorrow from my wigga they dont contain marijuana b,1,none,non_hateful
overtired 398monthold throws tantrum,2,sarcasm,non_hateful
starks being a faggot,1,none,abusive
ive been there and can verify this is real,2,humor,non_hateful
hahahaha,0,none,non_hateful
rt its the best thing ever driving past crowds of people at shows and seeing bandannas coloured hair 5sos shirts that youve made o,0,none,non_hateful
grown man enjoys duping children,2,none,non_hateful
lynn and tony disappointed me lovely people but they cannot cook,0,none,non_hateful
cunt,1,none,offensive
starved dogs thrown from van are learning to trust humans again,0,none,non_hateful
just seen a comment on how chivalry is rarely practiced by females i m not sexist but thats irrationality at its finest,1,none,offensive
rt everytime i see nelson agholor make a play i want to puke kid shouldve been a gator thanks charlie cheeseburger,0,none,non_hateful
esp when bitches are after my leftover always hyping niggas i made him pick another ugly nigga to put on top,1,none,offensive
report us must reduce dependence on foreign turmoil,0,none,non_hateful
dont forget about that 2500 tax deduction though,2,humor,non_hateful
2012 is the way to go,2,sarcasm,non_hateful
im so happy to be a part of the club,0,none,non_hateful
substitute teacher can tell hes filling in for real asshole,1,none,abusive
seth meyers has a notsosubtle message for donald trump,0,none,non_hateful
this would be another good example of terrorism control through fear violence brutality,1,none,offensive
honor for kurdish women fighting thugs in the north,0,none,non_hateful
randys saving that for the finals,2,sarcasm,non_hateful
you suck you suck canadian bacon you scummy hockey playing big nosed dont ya know sayin fag,1,none,non_hateful
she looks like a very intelligent qualified individual,0,none,non_hateful
but how else can they defend their bigotry if not by censoring those,1,none,offensive
me2 never more patriotic than when i read people have gone to jail for free speech in supposedly democratic western nations,0,none,non_hateful
lazyass iginla refuses to score 6 goals per game every game,2,humor,non_hateful
rt abel is a 43 yrs old beaner working home depot and he didnt want to hang out with you major l,0,none,non_hateful
god damn it not this again just so you know i have an account too i guess being blocked for 24 hours didnt teach you anything i guess we need a source to prove that wesker killed sergei,1,none,offensive
no dumbass having money and spending it should be illegal,2,humor,offensive
2006 self made man norah vincent chooses female privilege over male privilege,1,none,offensive
hey those 22 emails a day were those stupid chain emails old people send,2,sarcasm,non_hateful
doesnt matter had drugs,2,humor,non_hateful
report nsas intercepted data mostly not from intended targets,0,none,non_hateful
there really is an increased risk of heart attack over the holidays,0,none,non_hateful
prestigious university touts racial diversity of dining hall staff,2,humor,non_hateful
obviously you are a deeply sad twisted and debauched indivudal whom if i were to meet i would take great pleasure in tearing the face clean offnnwhy dont you top yourself and o the world a favour no doubt after youve had one final masturbation anout jon venables you little maggot,1,none,abusive
but if you take the seahawks players away from the other seahawks players none of them would win,2,humor,non_hateful
rt when bitches say that your dick game is stupid,1,none,offensive
wow that was so funny,2,humor,non_hateful
rt its all they know rt you bitches never gonna b happy following these social sites,1,none,offensive
yup they should have killed themselves right there for the glory of their country completely abandoning any hope of rebuilding their life,2,irony,offensive
woman rises early to sow seeds of days first gchats,2,humor,non_hateful
why isnt the us uk france germany italy etcxa0taking these people inxa0 why is a country thats the size of new jersey over 60 of which is desert that was still a poor 3rd world country just 20 yrs ago that already has unemployment problems expected toxa0absorb 10s of 1000s soon to be 100s of 1000s of uneducated 3rd world refugeesxa0 why dont you petition your govt to take in a few 1000 of these people,0,none,non_hateful
ipod made by chinese children to benefit african children,2,humor,non_hateful
but m8 he goes down with a gust of wind,2,sarcasm,non_hateful
if she dont appreciate that and say yes the bitch aint real,1,none,abusive
choke on bread bitch,1,none,abusive
rt esj got some ugly hoes yeah and them leon g students aint making no better 999 of em fugly you aint lyi,1,none,offensive
the spatchcock and desert looked great 810,0,none,non_hateful
norway is a proud nation what war crimes did they commit,1,none,abusive
but i read on the internet that uploading something to dropbox means they now own all the rights to my stuff,2,humor,non_hateful
wow this is way less cool than victorious maokai,2,sarcasm,non_hateful
i also guarantee nikki and katie are serving gossip brand moscato tonight,0,none,non_hateful
there is no altright there is only white supremacy,0,none,non_hateful
rt do you want to hear the truth or are you only looking to hear what makes you feel all warm and fuzzy inside i choose truth,0,none,non_hateful
oh look a hanzo on defense and the team lost cool me surprised,2,humor,non_hateful
no doubt the poor woman will be offered a good deal on a car when she turns up at the garage,0,none,non_hateful
still not blocked hey you american asshole i am stil not blocked please do something and block me and all my socks 91059213,1,none,abusive
damn i must have missed all those women usa presidents,2,sarcasm,non_hateful
rt this is what the niggers dont like,1,none,offensive
peados whores men who batter women and now stalkers who also indulge in a bit of child porn what happend to vetting contestants will it have live oap sex next week as that is all its missed so far,0,none,non_hateful
good info thanks are we all seeing that msm is about storytelling not fact reporting,1,none,offensive
god forbid the yankees play within the rules of mlb,2,humor,non_hateful
if you got netflix watch fresh that hoe live from now on my name is chuck e im not chuckie no more,1,none,abusive
not 1 bit of courtesy from any of these bainbridge isl ferry riders fuck em next time i think s gonna break down paybacks a bitch,1,none,abusive
do you want a edit war dork,1,none,abusive
the latest episode in our favorite queer web series for kids is here,0,none,non_hateful
you are obviously a moron that has never read the quran or the hadith so you just run your mouth since you have no answer,0,none,non_hateful
so i keep cool but in the back of my mind im like did des hoes just come on my mf porch like ik dem,1,none,abusive
rt i will not buy your bitch no red bottoms so dont even worry bout that cuzzo,1,none,abusive
man who tried to burn exgirlfriends house with cheetos is convicted,0,none,non_hateful
you are discusting,2,sarcasm,non_hateful
sorry for the language but it busts my bridges and burns my soul when controlling sysop wannabees like moeron go around removing other peoples work the wiki is so full of junk its unbelievable compared to all that one more sat night is a good page that can get better and theres no reason for him to take off after it youre right about playing i was wrong there but im right about everything else,1,none,offensive
doc was responsible for the call,2,humor,non_hateful
ohio governor makes desperate plea to aquaman,2,humor,non_hateful
first i noticed the misogyny but then i realized plz brush your teeth,0,none,non_hateful
hahahahahahahahahahahahahahahahaah ang galing talaga mag joke ni tatay digong,2,sarcasm,non_hateful
on my way to bart to pick up a puppy from some dude from craigslist if i die you can all fight over my shit,0,none,non_hateful
video charlie baker remembers tom menino,0,none,non_hateful
a gay couple opens up about building their beautiful family,0,none,non_hateful
this bitch in 711 wit hella face tats she a female duddy,1,none,abusive
how you stay faithful in a room full of hoes,1,none,abusive
as always you said it succinctly it is santorums continued integrity that makes him worthy of a conservative vote should he lose because he did not compromise his values it says more about our country and christianity in the west than it does rick lets pray america is not so far gone that todays voter puts more stock in the willingness to do whatever it takes than the willingness do what is right regardless the cost,0,none,non_hateful
thats great,2,none,non_hateful
the united base of america,0,sarcasm,non_hateful
mans weekly recycling just boxes of nestle drumsticks,2,sarcasm,non_hateful
the summers dumbest video game is also kind of my favorite,0,none,non_hateful
holy shit its serj from system of a down,2,humor,non_hateful
finger my wet throbbing pussy slowly as i cum on ur fingers,1,none,abusive
the beatles and led zepplin are criminally underappreciated,2,sarcasm,non_hateful
haha yeah women cant help with the home,2,humor,non_hateful
verizon introduces new chargeyouatwhim plan,2,sarcasm,non_hateful
oooooooooooo ohooooooooooooodo your little wrists flap when you post huh xa0 xa0hmmmmmm,0,none,non_hateful
yeah like your username is any better,2,humor,non_hateful
how paul ryan won over every house republican except for one,0,none,non_hateful
tldr,2,sarcasm,non_hateful
ha all you proved was that you are a major jerk thanks for proving my point,1,none,abusive
deforimity does she have deformity ive never seen an uglier person in my life please explain,1,none,abusive
hot sweaty jane fonda wondering if thats the best delivery boys got,2,sarcasm,non_hateful
friend who sent link to 8minute youtube video must be fucking delusional,2,humor,non_hateful
publicist schmoozes wife into sex,2,sarcasm,non_hateful
should we give cops benefit of the doubt when they kill unarmed people,0,none,non_hateful
you are beyond stupid you believe your imam and research nothing,0,none,non_hateful
billionaire cash is flooding los angeles to push trumpdevos school choice agenda,0,none,non_hateful
chocolate cake is so trash,1,none,offensive
sounds like an amazing game,2,none,non_hateful
mutes pussy and and smh,1,none,abusive
ashes are like catholics favorite sacrament,2,irony,non_hateful
you moroni did no such thing i reverted the addition of scare quotes to the article and im about to do it again talkstalk,1,none,offensive
chili dog cheddar fries caught in area beard,2,sarcasm,non_hateful
tgi fridays bankrupt after spending billions on priceless americana,2,humor,non_hateful
always love my mt peeps and anyone else who crosses my path virtualreal but tech never trumps us meeting in person,0,humor,non_hateful
i guess blaspheme to your allah is ok if your pos muzzie huh,1,none,offensive
showin more love to bitches fucked on the side,1,none,offensive
if you dont like yourself why would you expect other people to like you,0,none,non_hateful
that worked so good throughout the history,2,sarcasm,non_hateful
i invest only in eastern asian currencies literally no way i can lose money,2,humor,offensive
i got more trust in drugs then these dumb ass bitches,1,none,offensive
5 pointz landlord says his luxury condos will be just like the graffiti mecca he destroyed,0,none,non_hateful
12 illustrations that pay tribute to the late great carrie fisher,0,none,non_hateful
carrie fisher calls controversy over princess leia bikini toys stupid,0,none,offensive
yea because uber and lyft arent overrun by foreign drivers with a sales pitch,2,humor,non_hateful
is this serious i had edited pinethickets page with enters only that is not disruptive by any means take your power hungry faggot self and get the fuck out and jump of a bridge,1,none,abusive
rt gator needs his gat punk ass bitch,1,none,abusive
oh no apology required yes my user page is complete nonsense well i am english a leftist and male but the fascism tripe is just pure immature silliness one of the reasons i am interested in greek history is because of their leftwing political history please accept a from me,1,none,abusive
fighting on the internet is like competing in the special olympics even if you win youre still retarded,1,none,offensive
nope 34 in september,0,none,non_hateful
then you need to get laid in the ass badly so youre not such a cunt like this tommorrow 14216311673,1,none,abusive
shhh quiet rolling out updates slowly is a good thing,2,sarcasm,non_hateful
rt i could if i tried but my money feels better then any pussy ive ever had,1,none,abusive
bye bye bitches your ego might go down a notch now,1,none,abusive
no but you see for a female action character to be good at what she does she has to completely abandon any sense of emotion or humanity,2,sarcasm,non_hateful
17 as much as i didnt like katie amp nikki in their first episode i ve begun to hate kat amp andre so much more over the la,0,none,non_hateful
12 reasons to watch the puppy bowl instead of the super bowl,0,none,non_hateful
how to botch a wedding toast in 5 words,0,none,non_hateful
if you are out clubbing every weekend and leaving your child with your baby momma i dont wanna hear you bitch about child support,1,none,hate
nope i m not sexist but only dudes should be busting ghosts,1,none,offensive
you can turn the speakers off and i will be wearing these,0,none,non_hateful
emails show richard spencer bounced a 10565 check for florida event,0,none,non_hateful
no no im sure they are deciding to be evil now and forever,2,sarcasm,non_hateful
john boehners wife calls for her shutdown king to come back to bed,2,humor,non_hateful
a phobia is an irrational hatred there is no such thing as a phobia for a hatred that is rational,1,none,hate
report stating current year still leading argument for social reform,2,humor,non_hateful
you a world class hoe,1,none,abusive
time to add some more decks to the stadium and go after saban,2,humor,non_hateful
kat on not winning peoples choice i cant believe this obviously those campers were voting strategically,1,none,non_hateful
paul hogan admits hes still searching for that one careerdefining role,2,sarcasm,non_hateful
kat kat kat who are you going to blame now and without strategic voting your days are numbered,0,none,non_hateful
derogatory is bullshit tvoz saying someone figets if they do isnt derogatory in less youre crazy,1,none,offensive
my heart bleeds for him,2,metaphor,non_hateful
ion trust these bitches and ion trust these niggas,1,none,offensive
elderly woman begins freezing meals husband can eat while shes passed away,2,humor,non_hateful
car crashes straight through restaurant window injuring 4,0,none,non_hateful
it went fine apart from that crappy probe on the ula booster,2,sarcasm,non_hateful
the hgh wore off,2,sarcasm,non_hateful
meek do some nut shit one time he a bitch i guess yall forgot all the hoe shit wale did on twitter oh ok,1,none,abusive
sums it up doesnt it,2,humor,non_hateful
your name isnt richard its dickxa0 see me funnyxa0 loserxa0 now go get a job dumbassxa0 no need to reply while mommy is wiping your assxa0 wow this is fun haha,1,none,abusive
iraqi catholic bishop still has vivid memories of mosuls fall,0,none,non_hateful
quit being being a pussy yourself and call them out by first and last name plus ssn ya poon,1,none,abusive
mohammed led 17 major military expeditions that killed tens of thousands jesus led none,1,none,hate
well whedon did that just for that hilarious coulson line about helping design caps new outfit so its clearly a genious signature that they should do time and again,2,sarcasm,non_hateful
history channel repeats itself,2,humor,non_hateful
someone spotted a new pixar easter egg from the good dinosaur,0,none,non_hateful
newly blond kanye west makes first appearance after hospitalization,0,none,non_hateful
ok i m done that mole got through outrageous,0,none,non_hateful
so why the fuck are still talking shit you acting like a pussy ass nigga,1,none,abusive
frances farright national front win big in regional elections,0,none,non_hateful
nba stars send thoughts and prayers to lamar odom,0,none,non_hateful
freshman bares her soul to entire dorm floor in first week,2,sarcasm,non_hateful
intended to get pics but didnt have time must be a mud raceevent here this weekend is like a redneck convoy out there,0,none,non_hateful
figures you have aspergers pedantic little fucker,1,none,abusive
sure ipcc climate models have proven to be accurate,2,humor,non_hateful
rt kevin love out here bein a hoe just let the world know u gonna be a laker 2015 season dawg,1,none,abusive
lowkey got a fan of my hoop skills at lbcc aha he my niggah now lol,1,sarcasm,none
prediction timetable is getting bloated why do you people have to add every freaking detail to the list it needs to be kept simple and not as wordy this is a wikipedia article not a damn novel if you wanna know all the details watch the damn show its free on google videos the list should only contain the most notable and important details a lot of what is there isnt all that notable do we need to know the name of every stupid bridge and building shown collapsing or can we just say a bunch of bridges and buildings collapsed here and mention one or two by name as examples i dont want to get involved in edit wars but i will delete things i believe are overly worded redundant and unnecessary and not to mention just stupid use common sense before you edit,1,none,non_hateful
housefly fondly recalls losing virginity on rotting pile of ground beef,2,sarcasm,non_hateful
not sure was sent screencap,0,none,non_hateful
you are just plain stupid and for that there is no cure,1,none,abusive
60 years after brown v board will congress revive a dual school system,0,none,non_hateful
this fat bitch just said next time dont forget my potato chips,1,none,abusive
its the same as in the primitive church doncha know,2,sarcasm,non_hateful
this flappy bird game addicting,0,none,non_hateful
bad bitch good head i think she ah keeper,1,none,abusive
which one is missing i thought their were 4 in jls,0,none,non_hateful
rt the way this niggah just flinched at this movie was,1,none,abusive
xa0he certainly knows how,0,none,non_hateful
probably it is memorial day after all a good joke on barajas part and a sign of a wounded vet,0,none,non_hateful
you are very hypocritical why dont you knock it off with the constant reverting images to the 4 b and l train articles will you,1,none,offensive
scott pruitt sort of answers whether trump believes in climate change,0,none,non_hateful
yall entertained by these bitch az niggas hitting women smh who raised you,1,none,offensive
the scientologyapproved version of going clear is a bit different,0,none,non_hateful
we can call them concentration neighborhoods,2,none,offensive
why would anyone want to eat chicken liver thats just ew no,0,none,non_hateful
nras top lobbyist implies trump is back on its side,0,none,non_hateful
interesting the wonderful kcstar took down my post and link to the story about the coke dealer flying on the team plane with mus basketball team,0,none,non_hateful
your counter argument is compelling,2,none,non_hateful
im n a tight circle bitch you cant get thru dis loop,1,none,abusive
dj khaled was talking mogul talk with arianna huffington at white house correspondents dinner,0,none,non_hateful